{
    "normals": [0.009033,0.999878,-0.011536,0.006012,0.999969,-0.001404,0.009064,0.999878,-0.011567,0.009156,0.999939,0,0.012787,0.999756,-0.016388],
    "uvs": [],
    "metadata": {
        "version": 3,
        "uvs": 0,
        "generator": "io_three",
        "vertices": 9,
        "faces": 5,
        "normals": 5,
        "type": "Geometry"
    },
    "vertices": [0.006981,-0.03209,-0.067993,0.259869,-0.033324,-0.016689,0.006843,-0.033324,-0.218872,0.259869,-0.033324,-0.269716,1.02767,-0.040361,-0.014576,1.02767,-0.040361,-0.267602,0.008872,-0.035998,-0.380454,-0.222159,-0.0299,-0.141288,0.004086,-0.028733,0.058953],
    "faces": [33,0,1,3,2,0,1,1,2,33,3,1,4,5,1,1,3,3,32,7,8,0,4,4,0,32,2,6,7,2,4,4,32,0,2,7,0,2,4],
    "name": "Plane.001Geometry"
}